{
  "No Cache": [
    347.1688833087683,
    35.44427827000618,
    35.627108067274094,
    34.454768523573875,
    36.030955612659454,
    34.10114906728268,
    35.77763773500919,
    33.553922548890114,
    32.592033967375755,
    35.44246032834053
  ],
  "Exact Cache (APC)": [
    34.37595069408417,
    35.14130786061287,
    36.936454474925995,
    34.47932004928589,
    37.949612364172935,
    34.19947624206543,
    35.88860295712948,
    36.62383556365967,
    37.16698661446571,
    37.21676394343376
  ],
  "SemShareKV": [
    35.507988184690475,
    34.964196383953094,
    34.99078191816807,
    30.208677053451538,
    35.13475880026817,
    35.09795665740967,
    35.52725166082382,
    30.802259221673012,
    30.412524938583374,
    35.29747016727924
  ],
  "SemantiCache": [
    34.042900428175926,
    34.213561564683914,
    35.698043182492256,
    34.187737852334976,
    34.86389108002186,
    33.96962769329548,
    33.55720639228821,
    30.864719301462173,
    35.51151975989342,
    29.041441157460213
  ]
}