{
  "checkpoints": [
    50,
    100,
    150,
    200,
    250,
    300,
    350,
    400,
    450,
    500,
    550,
    600,
    650,
    700,
    750,
    800,
    850,
    900,
    950,
    1000
  ],
  "semanticache_hit_rate": [
    60.0,
    74.0,
    80.0,
    84.0,
    86.4,
    88.66666666666667,
    90.0,
    91.25,
    92.22222222222223,
    93.0,
    93.63636363636364,
    94.16666666666667,
    94.61538461538461,
    95.0,
    95.33333333333334,
    95.625,
    95.88235294117648,
    96.11111111111111,
    96.3157894736842,
    96.5
  ],
  "semanticache_mean_ttft": [
    32.64041919261217,
    31.70174214988947,
    31.45512904971838,
    30.87580196559429,
    31.021273359656334,
    31.194907501339912,
    31.23794760555029,
    30.64696602523327,
    30.682863667607307,
    30.72850339114666,
    30.835896097123623,
    30.847226567566395,
    30.81895925104618,
    30.922482423484325,
    30.9876649081707,
    30.695190578699112,
    30.86066398769617,
    34.15407694876194,
    31.477357670664787,
    31.21264699846506
  ],
  "no_cache_mean_ttft": [
    41.71411622315645,
    35.296888798475266,
    35.23317076265812,
    34.69988863915205,
    34.77114915847778,
    35.009841434657574,
    35.17556454986334,
    34.590728245675564,
    34.63603679090738,
    34.637978449463844,
    34.90912176668644,
    34.66962482780218,
    34.728051386773586,
    35.04591129720211,
    35.08246421813965,
    34.692888148128986,
    34.96274679899216,
    38.00190255045891,
    35.60035660862923,
    34.941876865923405
  ],
  "total_requests": 1000,
  "final_hit_rate": 96.5
}